{"cameraMode":{"drawMode":0,"name":"Shaded","section":"Shading Mode"},"sceneLighting":true,"audioPlay":false,"sceneViewState":{"m_AlwaysRefresh":false,"showFog":true,"showSkybox":true,"showFlares":true,"showImageEffects":true,"showParticleSystems":true,"showVisualEffectGraphs":true,"m_FxEnabled":true},"in2DMode":false,"pivot":{"x":-9.587067604064942,"y":-1.7634403705596924,"z":-1.4291677474975587},"rotation":{"x":-0.057088322937488559,"y":0.7211907505989075,"z":-0.059856217354536059,"w":-0.6877891421318054},"size":6.920151233673096,"orthographic":false}