{"cameraMode":{"drawMode":0,"name":"Shaded","section":"Shading Mode"},"sceneLighting":false,"audioPlay":false,"sceneViewState":{"m_AlwaysRefresh":false,"showFog":true,"showSkybox":false,"showFlares":true,"showImageEffects":true,"showParticleSystems":true,"showVisualEffectGraphs":true,"m_FxEnabled":true},"in2DMode":false,"pivot":{"x":-0.14806026220321656,"y":-0.3571215271949768,"z":-0.20603430271148683},"rotation":{"x":-0.07441610842943192,"y":0.9130709171295166,"z":-0.19347964227199555,"w":-0.3512049615383148},"size":1.1438136100769044,"orthographic":false}